sigma_h,gamma,N_h,best_eta,beta_max,R0_mean,R0_max
0.1694915254237288,0.07142857142857142,14260000.0,0.01,0.8436440243903579,1.0599258663264859,6.524017020290886
