r2,corr,rmse,mae,aic,bic,n_params
0.6443287468682972,0.8027009075513348,0.0007108916591275036,0.000563056740849077,-2589.636586455808,-2557.7070179469056,10
