beta0,T_opt,sigma_T,H_opt,sigma_H,k_R
0.14246336878252594,40.0,16.26609891570282,87.85727177960923,36.229687440518504,1.0
