,r2,corr,rmse,mae,aic,bic,n_params
polynomial,0.24240924760721283,0.4923507325858487,0.058414998265970554,0.044093246096614636,-1002.4657368991672,-970.5361683902651,10.0
physics,0.18761420184256772,0.43423356833698445,0.06049064245547749,0.044929802994272565,-997.8959745835441,-978.7382334782028,6.0
