pearson_r,spearman_rho,kendall_tau,r2_log,mae,rmse,wape,rmsle
0.7772023847202316,0.7942192519500326,0.6323329789810127,0.13667432668087143,37.87641453589305,111.05588249215936,0.9486042996466951,1.653122259777984
