pearson_r,spearman_rho,r2_log,mae,rmse
0.6123499596629672,0.7054798209519766,0.44955075785646836,51.23152463515979,139.0954949694051
