pearson_r,spearman_rho,r2_log,mae,rmse
0.6122314129858308,0.7052979909754724,0.4494610852654354,51.240544071014064,139.12173406838426
