r2,corr,rmse,mae
0.8681219983311069,0.931730994210261,0.000617918434171459,0.0004539076245760082
