r2,corr,rmse,mae,aic,bic,n_params
0.24240924760721283,0.4923507325858487,0.058414998265970554,0.044093246096614636,-1002.4657368991672,-970.5361683902651,10
