beta0,T_opt,sigma_T,H_opt,sigma_H,k_R
0.10735046683358274,24.223414632220738,30.0,66.12926780313306,50.0,1.0
