subset,N,MAE,RMSE,Spearman_rho
all,16,2704.9434787249015,9046.843263888035,0.95
non_gz,15,484.37055748073175,,0.9392857142857142
