subset,N,MAE,RMSE,Spearman_rho
all,16,2593.936374723074,8711.15076684769,0.961764705882353
non_gz,15,454.32770467056434,,0.9535714285714283
