,pearson_r,spearman_rho,r2_log,wape
No BI,0.4293412789461676,0.4972696561451654,0.3335407288851382,0.9617717671931744
Has BI,0.5567299502054307,0.4936842179121169,0.30703331424304425,0.9550977136183649
