formula,description,n_params,r2,correlation,rmse,is_best
F1: a·exp(-((T-T₀)/σ)²),纯温度高斯,3,-38.91480495929574,-0.04527509781379757,0.011038339293996861,False
F2: a·G(T)·(c+(1-c)·(1-e^(-bR))),温度高斯 × 降水饱和,5,-38.91482289985465,-0.045276461590754075,0.011038341774704889,False
F3: a·G(T)·G(H),温度高斯 × 湿度高斯,5,-127.72847407990594,0.07545214944631853,0.01982321284449367,False
F4: a·G(T)·G(H)·rain_effect,温度 × 湿度 × 降水 (完整),7,-127.72927053736151,0.07728430728482083,0.019823274168615453,False
F5: a·T·(T-Tmin)·√(Tmax-T) (Brière),Brière温度响应 (昆虫学经典),3,-434.2534928610527,-0.30614108357432723,0.03645086727439878,False
F6: a+bT+cT²+dT³,三次多项式,4,-991.7928146711729,0.0,0.05505110568855361,False
"F7: quadratic(T,H,R)",二次多项式(含交互项),10,0.9997537072171456,0.9998768460251222,2.7419692267331404e-05,True
