parameter,value
a,1.3045068752757063
T_opt,31.015467844252406
sigma_T,15.0
b,0.011670153252524455
H_opt,77.8150800724147
sigma_H,29.99994472787775
c,0.3316250208985938
