year,n_months,pearson_r,spearman_rho,BI_mean,T_mean
2020,7,0.9647013278534826,0.8571428571428573,3.6419047619047618,26.18735839407173
2021,9,0.6188089410611606,0.45,2.760740740740741,25.11402847440951
2022,9,0.9668210234461299,0.9500000000000001,2.29,23.90046771390634
2023,9,0.8440461598072126,0.7833333333333333,3.4233333333333333,24.63902612288842
2024,12,0.9260206369564995,0.8041958041958043,2.94525,23.798024422079735
2025,12,0.6552217808836505,0.6783216783216784,1.862861111111111,23.050779131839178
2026,2,,,0.27499999999999997,15.538866520332725
