parameter,value
a,9.500928582459157
b,-0.31093884980646636
c,-0.006215326857562764
d,0.0002188108372728692
