,cases,temperature,humidity,precipitation,cases_lag1,cases_lag2
cases,1.0,0.11559812258147127,-0.08655868058918106,0.125179314054295,0.5609300464364396,0.07275215306875323
temperature,0.11559812258147127,1.0,0.44061362511073515,0.7635134924888508,0.012046865208906037,-0.13139245943737787
humidity,-0.08655868058918106,0.44061362511073515,1.0,0.6004821729035799,-0.1056165702415093,-0.1486248490949864
precipitation,0.125179314054295,0.7635134924888508,0.6004821729035799,1.0,0.01608261369597432,-0.1187487083913695
cases_lag1,0.5609300464364396,0.012046865208906037,-0.1056165702415093,0.01608261369597432,1.0,0.5610780675933585
cases_lag2,0.07275215306875323,-0.13139245943737787,-0.1486248490949864,-0.1187487083913695,0.5610780675933585,1.0
