,cases,temperature,humidity,precipitation,cases_lag1,cases_lag2
cases,1.0,0.3996434221940372,0.10141870706420282,0.267003574789751,0.8121126861615926,0.6211237365502851
temperature,0.3996434221940372,1.0,0.3889215906926819,0.7781786153286819,0.1166476162722264,-0.18622862280860414
humidity,0.10141870706420282,0.3889215906926819,1.0,0.6153762919617043,-0.11173633225983258,-0.21815480369566081
precipitation,0.267003574789751,0.7781786153286819,0.6153762919617043,1.0,0.018075090861641562,-0.21725095549216733
cases_lag1,0.8121126861615926,0.1166476162722264,-0.11173633225983258,0.018075090861641562,1.0,0.81335581583483
cases_lag2,0.6211237365502851,-0.18622862280860414,-0.21815480369566081,-0.21725095549216733,0.81335581583483,1.0
