r2,corr,rmse,mae
0.9999874638226107,0.9999937318916853,6.273975945855072e-06,4.539741549781774e-06
