c,T_min,T_max,T_opt,eta,de_loss,gz_pearson_r,gz_spearman_rho,gz_r2_log,gz_mae,gz_rmse,gz_wape,gz_rmsle
0.0007491660934539702,15.216062706706415,41.99999998063985,35.5386097073486,0.6648350396323153,0.33468040563333373,0.6800728751868865,0.8152943745230619,0.8399786141166065,184.79763812548273,1336.313824459736,0.7544471504329076,0.813524881291573
