c,T_min,T_max,T_opt,eta,de_loss,gz_pearson_r,gz_spearman_rho,gz_r2_log,gz_mae,gz_rmse,gz_wape,gz_rmsle
0.0007147384234886759,15.113207172684454,41.99999991607193,35.51379666166113,0.7091722701838847,0.32006190151256503,0.7144352295131552,0.8137036445361214,0.8510853067934012,166.22438285803284,1253.9778622743404,0.6786207510647746,0.7847848346515679
