has_bi,pearson_r,spearman_rho,r2_log,wape
No BI (8),0.5973875420615499,0.5170437594837832,0.5849438214756679,1.0073071472461739
Has BI (8),0.7006456248276177,0.5459133781524392,0.6713425287038622,0.9064031678456549
