has_bi,pearson_r,spearman_rho,r2_log,wape
No BI (8),0.6332271473060811,0.5173070445166225,0.614179625223571,0.9019010305529207
Has BI (8),0.7241082506189761,0.5438417461817321,0.6981112764014699,0.7529472822586726
