has_bi,pearson_r,spearman_rho,r2_log,wape
No BI (8),0.2904431976481343,0.3747639222744801,-0.4866116728207762,1.3381213042364828
Has BI (8),0.3266366726346825,0.39887906889542496,-0.5439552220500938,1.5313154579144401
