pearson_r,spearman_rho,r2,r2_log,mae,rmse,rmsle,aic,bic,n_real,k
0.6574432982215788,0.6550099087426052,0.4131481925310899,0.36089189173134983,0.4632762025791702,0.5752348125725626,0.24515887471274528,-312.4218945343923,-264.0152882090114,306,13
