pearson_r,spearman_rho,r2,r2_log,mae,rmse,rmsle
0.5028004021429555,0.5177396176500254,0.2513482568898131,0.28913181186980597,0.21520252174806692,0.2888423857159509,0.167126677690543
