pearson_r,spearman_rho,r2,r2_log,mae,rmse,rmsle
0.7760456503473057,0.7852820578707485,0.5973070141527487,0.5923660368379423,0.3683625575057238,0.47650555780234216,0.19579231265363012
