pearson_r,spearman_rho,r2_log,mae,rmse
0.6417095064337598,0.7162795992911174,0.5216739731451223,45.89642095188988,129.66300480972126
