r2,corr,rmse,mae
0.999994075789341,0.9999970378902951,3.6344763344284725e-06,2.3697127453690356e-06
