c,T_min,T_max,T_opt,eta,de_loss,gz_pearson_r,gz_spearman_rho,gz_r2_log,gz_mae,gz_rmse,gz_wape,gz_rmsle
0.0007066863889713271,14.946564530954278,41.99999981729903,35.50067602478377,0.6735681852369453,0.3143109356356754,0.7329972345600245,0.8128442966164271,0.8549837393908399,147.46077835391083,1217.9049234176166,0.6020172398209106,0.7744442820849023
